Customer ID,Customer Name,Segment,Country,State,City,Postal Code,Region
CG-12520,Claire Gute,,United States,,,42420,South
DV-13045,Darrin Van Huff,Corporate,United States,California,Los Angeles,90036,West
SO-20335,Sean O'Donnell,,United States,,,33311,South
BH-11710,Brosina Hoffman,Consumer,United States,California,Los Angeles,90032,West
AA-10480,Andrew Allen,Consumer,United States,North Carolina,Concord,28027,South
IM-15070,Irene Maddox,Consumer,United States,Washington,Seattle,98103,West
HP-14815,Harold Pawlan,,United States,,,76106,Central
PK-19075,Pete Kriz,Consumer,United States,Wisconsin,Madison,53711,Central
AG-10270,Alejandro Grove,Consumer,United States,Utah,West Jordan,84084,West
ZD-21925,Zuschuss Donatelli,Consumer,United States,California,San Francisco,94109,West
KB-16585,Ken Black,Corporate,United States,Nebraska,Fremont,68025,Central
SF-20065,Sandra Flanagan,,United States,,,19140,East
EB-13870,Emily Burns,Consumer,United States,Utah,Orem,84057,West
EH-13945,Eric Hoffmann,Consumer,United States,California,Los Angeles,90049,West
TB-21520,Tracy Blumstein,Consumer,United States,Pennsylvania,Philadelphia,19140,East
MA-17560,Matt Abelman,Home Office,United States,Texas,Houston,77095,Central
GH-14485,Gene Hale,,United States,,,75080,Central
SN-20710,Steve Nguyen,Home Office,United States,Texas,Houston,77041,Central
LC-16930,Linda Cazamias,Corporate,United States,Illinois,Naperville,60540,Central
RA-19885,Ruben Ausman,Corporate,United States,California,Los Angeles,90049,West
ES-14080,Erin Smith,Corporate,United States,Florida,Melbourne,32935,South
ON-18715,Odella Nelson,Corporate,United States,Minnesota,Eagan,55122,Central
PO-18865,Patrick O'Donnell,Consumer,United States,Michigan,Westland,48185,Central
LH-16900,Lena Hernandez,,United States,,,19901,East
DP-13000,Darren Powers,Consumer,United States,Indiana,New Albany,47150,Central
JM-15265,Janet Molinari,Corporate,United States,New York,New York City,10024,East
TB-21055,Ted Butterfield,Consumer,United States,New York,Troy,12180,East
KM-16720,Kunst Miller,Consumer,United States,California,Los Angeles,90004,West
PS-18970,Paul Stevenson,Home Office,United States,Illinois,Chicago,60610,Central
BS-11590,Brendan Sweed,Corporate,United States,Arizona,Gilbert,85234,West
KD-16270,Karen Daniels,Consumer,United States,Virginia,Springfield,22153,South
HM-14980,Henry MacAllister,Consumer,United States,New York,New York City,10009,East
JE-15745,Joel Eaton,Consumer,United States,Tennessee,Memphis,38109,South
KB-16600,Ken Brennan,Corporate,United States,Texas,Houston,77041,Central
SC-20770,Stewart Carmichael,Corporate,United States,Alabama,Decatur,35601,South
DN-13690,Duane Noonan,Consumer,United States,California,San Francisco,94122,West
JC-16105,Julie Creighton,Corporate,United States,North Carolina,Durham,27707,South
CS-12400,Christopher Schild,Home Office,United States,Illinois,Chicago,60623,Central
PG-18895,Paul Gonzalez,Consumer,United States,Minnesota,Rochester,55901,Central
GM-14455,Gary Mitchum,,United States,,,77095,Central
JS-15685,Jim Sink,Corporate,United States,California,Los Angeles,90036,West
KB-16315,Karl Braun,,United States,,,55407,Central
RB-19705,Roger Barcio,Home Office,United States,Oregon,Portland,97206,West
PN-18775,Parhena Norris,,United States,,,10009,East
KD-16345,Katherine Ducich,Consumer,United States,California,San Francisco,94122,West
ER-13855,Elpida Rittenbach,Corporate,United States,Minnesota,Saint Paul,55106,Central
RB-19465,Rick Bensley,Home Office,United States,Illinois,Chicago,60610,Central
GZ-14470,Gary Zandusky,Consumer,United States,Minnesota,Rochester,55901,Central
LC-16870,Lena Cacioppo,,United States,,,80013,West
JM-15250,Janet Martin,,United States,,,28205,South
PA-19060,Pete Armstrong,Home Office,United States,Illinois,Orland Park,60462,Central
CV-12805,Cynthia Voltz,Corporate,United States,New York,New York City,10035,East
CL-12565,Clay Ludtke,Consumer,United States,Iowa,Urbandale,50322,Central
RC-19960,Ryan Crowe,Consumer,United States,Ohio,Columbus,43229,East
DK-13090,Dave Kipp,Consumer,United States,Washington,Seattle,98103,West
GG-14650,Greg Guthrie,Corporate,United States,Tennessee,Bristol,37620,South
SC-20725,Steven Cartwright,,United States,,,19805,East
AD-10180,Alan Dominguez,Home Office,United States,Texas,Houston,77041,Central
PF-19165,Philip Fox,Consumer,United States,Illinois,Bloomington,61701,Central
TS-21610,Troy Staebel,Consumer,United States,Arizona,Phoenix,85023,West
LS-16975,Lindsay Shagiari,Home Office,United States,California,Los Angeles,90004,West
DW-13585,Dorothy Wardle,Corporate,United States,Ohio,Columbus,43229,East
LC-16885,Lena Creighton,Consumer,United States,California,Roseville,95661,West
JD-15895,Jonathan Doherty,Corporate,United States,Pennsylvania,Philadelphia,19140,East
SH-19975,Sally Hughsby,Corporate,United States,California,San Francisco,94122,West
SG-20080,Sandra Glassco,,United States,,,64055,Central
HA-14920,Helen Andreada,Consumer,United States,California,Pasadena,91104,West
MG-17680,Maureen Gastineau,Home Office,United States,Ohio,Newark,43055,East
JE-16165,Justin Ellison,Corporate,United States,Wisconsin,Franklin,53132,Central
TW-21025,Tamara Willingham,Home Office,United States,Arizona,Scottsdale,85254,West
SP-20650,Stephanie Phelps,Corporate,United States,California,San Jose,95123,West
NK-18490,Neil Knudson,Home Office,United States,Washington,Seattle,98105,West
DB-13060,Dave Brooks,Consumer,United States,Washington,Seattle,98115,West
NP-18670,Nora Paige,Consumer,United States,Oklahoma,Edmond,73034,Central
TT-21070,Ted Trevino,Consumer,United States,California,Los Angeles,90045,West
EM-13960,Eric Murdock,Consumer,United States,Pennsylvania,Philadelphia,19134,East
RD-19900,Ruben Dartt,Consumer,United States,New Mexico,Carlsbad,88220,West
MJ-17740,Max Jones,Consumer,United States,Washington,Seattle,98115,West
BM-11140,Becky Martin,Consumer,United States,Texas,San Antonio,78207,Central
CS-12130,Chad Sievert,Consumer,United States,California,Los Angeles,90004,West
JB-15400,Jennifer Braxton,Corporate,United States,Illinois,Chicago,60623,Central
SJ-20500,Shirley Jackson,Consumer,United States,Texas,Houston,77036,Central
JK-15640,Jim Kriz,Home Office,United States,New York,New York City,10009,East
DK-13150,David Kendrick,Corporate,United States,Illinois,Decatur,62521,Central
RM-19675,Robert Marley,Home Office,United States,Louisiana,Monroe,71203,South
SK-19990,Sally Knutson,Consumer,United States,Connecticut,Fairfield,6824,East
FM-14290,Frank Merwin,Home Office,United States,California,Los Angeles,90032,West
AM-10360,Alice McCarthy,Corporate,United States,Texas,Grand Prairie,75051,Central
MP-17470,Mark Packer,Home Office,United States,New York,New York City,10035,East
MZ-17515,Mary Zewe,Corporate,United States,California,Redlands,92374,West
CB-12025,Cassandra Brandow,Consumer,United States,Ohio,Hamilton,45011,East
VM-21685,Valerie Mitchum,Home Office,United States,New Jersey,Westfield,7090,East
FH-14365,Fred Hopkins,Corporate,United States,Pennsylvania,Philadelphia,19120,East
MB-17305,Maria Bertelson,Consumer,United States,Ohio,Akron,44312,East
BS-11755,Bruce Stewart,Consumer,United States,Colorado,Denver,80219,West
LC-17140,Logan Currie,Consumer,United States,Texas,Dallas,75220,Central
HK-14890,Heather Kirkland,Corporate,United States,Tennessee,Franklin,37064,South
LE-16810,Laurel Elliston,Consumer,United States,California,Whittier,90604,West
JH-15985,Joseph Holt,Consumer,United States,Michigan,Saginaw,48601,Central
MS-17980,Michael Stewart,Corporate,United States,Texas,Dallas,75220,Central
VW-21775,Victoria Wilson,Corporate,United States,Ohio,Medina,44256,East
JH-15910,Jonathan Howell,Consumer,United States,California,Los Angeles,90032,West
JB-15925,Joni Blumstein,Consumer,United States,Ohio,Dublin,43017,East
DS-13180,David Smith,Corporate,United States,Michigan,Detroit,48227,Central
VD-21670,Valerie Dominguez,Consumer,United States,Tennessee,Columbia,38401,South
EA-14035,Erin Ashbrook,Corporate,United States,North Carolina,Charlotte,28205,South
DB-13120,David Bremer,Corporate,United States,California,Santa Clara,95051,West
KL-16645,Ken Lonsdale,Consumer,United States,Illinois,Chicago,60610,Central
DW-13480,Dianna Wilson,Home Office,United States,Minnesota,Lakeville,55044,Central
LH-17155,Logan Haushalter,Consumer,United States,California,San Francisco,94109,West
KC-16540,Kelly Collister,Consumer,United States,California,San Diego,92037,West
DL-13315,Delfina Latchford,,United States,,,10024,East
DR-12880,Dan Reichenbach,Corporate,United States,Illinois,Chicago,60623,Central
CC-12670,Craig Carreira,Consumer,United States,New York,New York City,10009,East
Dl-13600,Dorris liebe,Corporate,United States,Texas,Pasadena,77506,Central
SB-20290,Sean Braxton,Corporate,United States,Texas,Houston,77036,Central
RC-19825,Roy Collins,Consumer,United States,Illinois,Chicago,60610,Central
AH-10210,Alan Hwang,,United States,,,94513,West
CB-12535,Claudia Bergmann,Corporate,United States,North Carolina,Chapel Hill,27514,South
CA-12310,Christine Abelman,Corporate,United States,Ohio,Cincinnati,45231,East
KH-16690,Kristen Hastings,Corporate,United States,California,San Francisco,94110,West
BB-10990,Barry Blumstein,,United States,,,90301,West
AG-10495,Andrew Gjertsen,Corporate,United States,Pennsylvania,Philadelphia,19140,East
JO-15280,Jas O'Carroll,Consumer,United States,California,Los Angeles,90004,West
AH-10195,Alan Haines,,United States,,,33319,South
NZ-18565,Nick Zandusky,Home Office,United States,Ohio,Columbus,43229,East
KL-16555,Kelly Lampkin,Corporate,United States,Colorado,Colorado Springs,80906,West
AS-10225,Alan Schoenberger,,United States,,,10024,East
CR-12625,Corey Roper,Home Office,United States,New Jersey,Lakewood,8701,East
SH-20395,Shahid Hopkins,Consumer,United States,Virginia,Arlington,22204,South
BP-11185,Ben Peterman,Corporate,United States,Colorado,Arvada,80004,West
TS-21205,Thomas Seio,Corporate,United States,New Jersey,Hackensack,7601,East
AG-10525,Andy Gerbode,Corporate,United States,Florida,Saint Petersburg,33710,South
SP-20860,Sung Pak,,United States,,,19143,East
NM-18445,Nathan Mautz,Home Office,United States,New York,New York City,10024,East
FA-14230,Frank Atkinson,Corporate,United States,California,Long Beach,90805,West
GK-14620,Grace Kelly,Corporate,United States,California,Hesperia,92345,West
DJ-13510,Don Jones,Corporate,United States,Tennessee,Murfreesboro,37130,South
PO-18850,Patrick O'Brill,Consumer,United States,Pennsylvania,Philadelphia,19143,East
JL-15850,John Lucas,Consumer,United States,Pennsylvania,Philadelphia,19134,East
DB-13615,Doug Bickford,Consumer,United States,California,Los Angeles,90045,West
AC-10420,Alyssa Crouse,Corporate,United States,California,San Francisco,94122,West
CC-12550,Clay Cheatham,Consumer,United States,California,San Francisco,94122,West
TD-20995,Tamara Dahlen,,United States,,,1852,East
AB-10060,Adam Bellavance,,United States,,,10009,East
JL-15505,Jeremy Lonsdale,Consumer,United States,New York,New York City,10035,East
VB-21745,Victoria Brennan,Corporate,United States,Georgia,Columbus,31907,South
KW-16435,Katrina Willman,Consumer,United States,New York,New York City,10009,East
JD-16060,Julia Dunbar,Consumer,United States,California,San Francisco,94109,West
MK-17905,Michael Kennedy,Corporate,United States,Connecticut,Manchester,6040,East
GT-14755,Guy Thornton,Consumer,United States,Texas,Harlingen,78550,Central
AG-10900,Arthur Gainer,Consumer,United States,Arizona,Tucson,85705,West
MM-18280,Muhammed MacIntyre,,United States,,,62301,Central
AR-10405,Allen Rosenblatt,Corporate,United States,Massachusetts,Franklin,2038,East
RA-19915,Russell Applegate,Consumer,United States,Texas,Houston,77095,Central
AS-10285,Alejandro Savely,,United States,,,94109,West
LA-16780,Laura Armstrong,Corporate,United States,Michigan,Taylor,48180,Central
DO-13435,Denny Ordway,Consumer,United States,Florida,Pembroke Pines,33024,South
DK-13225,Dean Katz,Corporate,United States,Pennsylvania,Philadelphia,19140,East
NG-18430,Nathan Gelder,,United States,,,45231,East
MV-18190,Mike Vittorini,Consumer,United States,New York,New York City,10009,East
JG-15115,Jack Garza,Consumer,United States,Washington,Des Moines,98198,West
BP-11095,Bart Pistole,Corporate,United States,Illinois,Peoria,61604,Central
VP-21730,Victor Preis,Home Office,United States,Nevada,Las Vegas,89115,West
SS-20140,Saphhira Shifley,Corporate,United States,Rhode Island,Warwick,2886,East
AG-10675,Anna Gayman,Consumer,United States,Texas,Houston,77036,Central
LF-17185,Luke Foster,Consumer,United States,Florida,Miami,33180,South
RF-19840,Roy Französisch,Consumer,United States,New York,New York City,10024,East
KH-16510,Keith Herrera,Consumer,United States,California,San Francisco,94110,West
KC-16675,Kimberly Carter,Corporate,United States,Washington,Seattle,98105,West
CJ-12010,Caroline Jumper,,United States,,,92646,West
PB-19150,Philip Brown,Consumer,United States,California,Los Angeles,90004,West
MP-17965,Michael Paige,Corporate,United States,Massachusetts,Lawrence,1841,East
NF-18385,Natalie Fritzler,Consumer,United States,Mississippi,Jackson,39212,South
SD-20485,Shirley Daniels,Home Office,United States,New York,New Rochelle,10801,East
KH-16630,Ken Heidel,Corporate,United States,Texas,San Antonio,78207,Central
RB-19795,Ross Baird,Home Office,United States,North Carolina,Gastonia,28052,South
MK-18160,Mike Kennedy,Consumer,United States,Florida,Jacksonville,32216,South
PO-19180,Philisse Overcash,Home Office,United States,Illinois,Chicago,60623,Central
BB-11545,Brenda Bowman,Corporate,United States,Texas,Houston,77070,Central
TB-21595,Troy Blackwell,Consumer,United States,Indiana,Columbus,47201,Central
RB-19360,Raymond Buch,,United States,,,13021,East
EB-13705,Ed Braxton,Corporate,United States,Ohio,Akron,44312,East
SC-20095,Sanjit Chand,Consumer,United States,California,Concord,94521,West
TN-21040,Tanja Norvell,Home Office,United States,Arizona,Phoenix,85023,West
JS-15940,Joni Sundaresam,Home Office,United States,Illinois,Park Ridge,60068,Central
MH-17785,Maya Herman,Corporate,United States,New York,Lindenhurst,11757,East
JP-15520,Jeremy Pistek,Consumer,United States,California,San Francisco,94110,West
JE-15475,Jeremy Ellison,Consumer,United States,New York,Troy,12180,East
JG-15805,John Grady,Corporate,United States,New York,New York City,10024,East
XP-21865,Xylona Preis,Consumer,United States,California,San Diego,92024,West
EM-14065,Erin Mull,Consumer,United States,New York,New York City,10024,East
MT-18070,Michelle Tran,Home Office,United States,California,Los Angeles,90045,West
SA-20830,Sue Ann Reed,,United States,,,60610,Central
CW-11905,Carl Weiss,Home Office,United States,Texas,Huntsville,77340,Central
AJ-10960,Astrea Jones,Consumer,United States,New York,Rochester,14609,East
SS-20590,Sonia Sunley,Consumer,United States,Washington,Seattle,98115,West
RO-19780,Rose O'Brian,Consumer,United States,Tennessee,Memphis,38109,South
MD-17350,Maribeth Dona,Consumer,United States,Arkansas,Fayetteville,72701,South
MY-17380,Maribeth Yedwab,,United States,,,80134,West
CM-12385,Christopher Martinez,Consumer,United States,Georgia,Atlanta,30318,South
LS-17245,Lynn Smith,,United States,,,64118,Central
BN-11515,Bradley Nguyen,Consumer,United States,California,Los Angeles,90049,West
DB-13210,Dean Braden,Consumer,United States,Texas,Houston,77041,Central
MC-17605,Matt Connell,Corporate,United States,Michigan,Detroit,48234,Central
BD-11605,Brian Dahlen,Consumer,United States,Massachusetts,Lawrence,1841,East
PH-18790,Patricia Hirasaki,Home Office,United States,Florida,Lakeland,33801,South
MG-18145,Mike Gockenbach,Consumer,United States,Pennsylvania,Philadelphia,19134,East
KB-16240,Karen Bern,Corporate,United States,California,Los Angeles,90036,West
JC-15340,Jasper Cacioppo,,United States,,,90032,West
RL-19615,Rob Lucas,Consumer,United States,Alabama,Montgomery,36116,South
AA-10375,Allen Armold,Consumer,United States,Arizona,Mesa,85204,West
EP-13915,Emily Phan,Consumer,United States,Illinois,Chicago,60653,Central
DK-12985,Darren Koutras,Consumer,United States,Kentucky,Henderson,42420,South
BD-11500,Bradley Drucker,Consumer,United States,Wisconsin,Green Bay,54302,Central
LM-17065,Liz MacKendrick,Consumer,United States,Ohio,Springfield,45503,East
AS-10135,Adrian Shami,Home Office,United States,New York,New York City,10035,East
BD-11320,Bill Donatelli,Consumer,United States,California,San Francisco,94110,West
GT-14710,Greg Tran,Consumer,United States,Texas,Houston,77070,Central
AJ-10945,Ashley Jarboe,Consumer,United States,North Carolina,Wilmington,28403,South
OT-18730,Olvera Toch,Consumer,United States,California,Los Angeles,90045,West
LP-17080,Liz Pelletier,Consumer,United States,California,San Francisco,94110,West
CA-12775,Cynthia Arntzen,Consumer,United States,Florida,Tampa,33614,South
JF-15490,Jeremy Farry,,United States,,,98105,West
FP-14320,Frank Preis,Consumer,United States,California,Los Angeles,90008,West
EB-13840,Ellis Ballard,Corporate,United States,Washington,Seattle,98105,West
JF-15415,Jennifer Ferguson,Consumer,United States,New York,New York City,10024,East
SF-20200,Sarah Foster,Consumer,United States,Washington,Marysville,98270,West
TG-21640,Trudy Glocke,Consumer,United States,California,Long Beach,90805,West
CS-11950,Carlos Soltero,Consumer,United States,Illinois,Chicago,60610,Central
CC-12145,Charles Crestani,Consumer,United States,California,Los Angeles,90004,West
DV-13465,Dianna Vittorini,Consumer,United States,Colorado,Denver,80219,West
BD-11725,Bruce Degenhardt,,United States,,,40475,South
ZC-21910,Zuschuss Carroll,Consumer,United States,Oregon,Salem,97301,West
MS-17830,Melanie Seite,,United States,,,78041,Central
LR-16915,Lena Radford,Consumer,United States,California,San Diego,92024,West
TP-21130,Theone Pippenger,Consumer,United States,Pennsylvania,Philadelphia,19134,East
CK-12205,Chloris Kastensmidt,Consumer,United States,Pennsylvania,Philadelphia,19120,East
AS-10240,Alan Shonely,Consumer,United States,Florida,Tampa,33614,South
AR-10510,Andrew Roberts,Consumer,United States,Pennsylvania,Philadelphia,19134,East
NB-18655,Nona Balk,Corporate,United States,Texas,Dallas,75217,Central
GD-14590,Giulietta Dortch,Corporate,United States,Pennsylvania,Philadelphia,19143,East
CK-12595,Clytie Kelty,Consumer,United States,Ohio,Grove City,43123,East
NG-18355,Nat Gilpin,Corporate,United States,New York,New York City,10011,East
CA-12265,Christina Anderson,,United States,,,60610,Central
SF-20965,Sylvia Foulston,Corporate,United States,Michigan,Dearborn,48126,Central
MO-17800,Meg O'Connel,Home Office,United States,New York,New York City,10009,East
AT-10735,Annie Thurman,Consumer,United States,Washington,Seattle,98115,West
FM-14380,Fred McMath,Consumer,United States,Colorado,Aurora,80013,West
DJ-13420,Denny Joy,Corporate,United States,Georgia,Warner Robins,31088,South
ME-17725,Max Engle,Consumer,United States,Colorado,Aurora,80013,West
JD-16150,Justin Deggeller,Corporate,United States,Minnesota,Minneapolis,55407,Central
JL-15835,John Lee,Consumer,United States,California,Mission Viejo,92691,West
SC-20305,Sean Christensen,Consumer,United States,Michigan,Rochester Hills,48307,Central
CC-12430,Chuck Clark,Home Office,United States,Indiana,Columbus,47201,Central
AR-10825,Anthony Rawles,Corporate,United States,Washington,Vancouver,98661,West
SR-20740,Steven Roelle,Home Office,United States,New York,New York City,10024,East
CR-12730,Craig Reiter,Consumer,United States,Ohio,Columbus,43229,East
EH-14125,Eugene Hildebrand,Home Office,United States,Illinois,Aurora,60505,Central
SP-20545,Sibella Parks,Corporate,United States,New York,New York City,10011,East
TH-21235,Tiffany House,Corporate,United States,Texas,Dallas,75081,Central
RP-19390,Resi Pölking,,United States,,,44105,East
RB-19570,Rob Beeghly,,United States,,,47201,Central
CD-11980,Carol Darley,Consumer,United States,Texas,Tyler,75701,Central
DJ-13630,Doug Jacobs,Consumer,United States,New York,New York City,10024,East
GT-14635,Grant Thornton,,United States,,,27217,South
MC-17845,Michael Chen,Consumer,United States,Mississippi,Jackson,39212,South
RA-19285,Ralph Arnett,Consumer,United States,New York,New York City,10035,East
NP-18325,Naresj Patel,Consumer,United States,Virginia,Waynesboro,22980,South
AB-10165,Alan Barnes,Consumer,United States,California,Los Angeles,90036,West
JO-15550,Jesus Ocampo,Home Office,United States,Pennsylvania,Chester,19013,East
JK-15370,Jay Kimmel,Consumer,United States,California,Long Beach,90805,West
BN-11470,Brad Norvell,Corporate,United States,North Carolina,Cary,27511,South
DP-13165,David Philippe,Consumer,United States,New York,New York City,10035,East
TH-21550,Tracy Hopkins,Home Office,United States,New York,New York City,10035,East
AP-10915,Arthur Prichep,Consumer,United States,Florida,Palm Coast,32137,South
RS-19765,Roland Schwarz,Corporate,United States,New York,Mount Vernon,10550,East
SV-20365,Seth Vernon,Consumer,United States,Delaware,Dover,19901,East
CK-12325,Christine Kargatis,Home Office,United States,Utah,Orem,84057,West
RD-19810,Ross DeVincentis,Home Office,United States,California,Los Angeles,90045,West
MR-17545,Mathew Reese,Home Office,United States,Pennsylvania,Philadelphia,19140,East
SC-20695,Steve Chapman,Corporate,United States,Florida,Hialeah,33012,South
JF-15355,Jay Fein,Consumer,United States,Texas,Austin,78745,Central
EG-13900,Emily Grady,Consumer,United States,New York,Oceanside,11572,East
DS-13030,Darrin Sayre,Home Office,United States,Washington,Seattle,98115,West
PO-19195,Phillina Ober,Home Office,United States,Illinois,Naperville,60540,Central
SS-20875,Sung Shariari,,United States,,,75220,Central
PB-19105,Peter Bühler,Consumer,United States,Illinois,Evanston,60201,Central
RF-19735,Roland Fjeld,Consumer,United States,Michigan,Trenton,48183,Central
YC-21895,Yoseph Carroll,Corporate,United States,California,San Francisco,94110,West
DC-13285,Debra Catini,Consumer,United States,Minnesota,Cottage Grove,55016,Central
CP-12340,Christine Phan,Corporate,United States,New York,New York City,10009,East
BF-11020,Barry Französisch,Corporate,United States,Wisconsin,Green Bay,54302,Central
LH-17020,Lisa Hazard,Consumer,United States,Ohio,Columbus,43229,East
CS-12250,Chris Selesnick,Corporate,United States,Louisiana,Bossier City,71111,South
AJ-10795,Anthony Johnson,Corporate,United States,Florida,Saint Petersburg,33710,South
BV-11245,Benjamin Venier,Corporate,United States,Iowa,Des Moines,50315,Central
DL-12865,Dan Lawera,Consumer,United States,Ohio,Cincinnati,45231,East
BM-11785,Bryan Mills,Consumer,United States,Ohio,Columbus,43229,East
LT-17110,Liz Thompson,Consumer,United States,California,Lancaster,93534,West
JK-15730,Joe Kamberova,Consumer,United States,North Carolina,Asheville,28806,South
ES-14020,Erica Smith,Consumer,United States,California,San Francisco,94110,West
RH-19495,Rick Hansen,,United States,,,55901,Central
CD-11920,Carlos Daly,,United States,,,92530,West
HW-14935,Helen Wasserman,Corporate,United States,California,San Diego,92105,West
MC-18130,Mike Caudle,Corporate,United States,Louisiana,Monroe,71203,South
GM-14440,Gary McGarr,Consumer,United States,California,San Francisco,94122,West
PJ-19015,Pauline Johnson,Consumer,United States,California,Santa Ana,92704,West
BW-11110,Bart Watters,Corporate,United States,Wisconsin,Milwaukee,53209,Central
TR-21325,Toby Ritter,Consumer,United States,New Jersey,Belleville,7109,East
PG-18820,Patrick Gardner,Consumer,United States,California,San Francisco,94110,West
JL-15175,James Lanier,Home Office,United States,Tennessee,Columbia,38401,South
BM-11650,Brian Moss,Corporate,United States,New York,New York City,10035,East
EM-14095,Eudokia Martin,Corporate,United States,California,Los Angeles,90036,West
AF-10885,Art Foster,Consumer,United States,Kentucky,Louisville,40214,South
GA-14725,Guy Armstrong,Consumer,United States,Ohio,Lorain,44052,East
CK-12760,Cyma Kinney,Corporate,United States,New Jersey,Linden,7036,East
DP-13105,Dave Poirier,,United States,,,93905,West
BK-11260,Berenike Kampe,Consumer,United States,New York,New York City,10035,East
SJ-20125,Sanjit Jacobs,Home Office,United States,New Jersey,New Brunswick,8901,East
CM-12445,Chuck Magee,Consumer,United States,California,San Francisco,94122,West
AJ-10780,Anthony Jacobs,Corporate,United States,Virginia,Springfield,22153,South
LS-16945,Linda Southworth,Corporate,United States,Pennsylvania,Philadelphia,19140,East
GP-14740,Guy Phonely,Corporate,United States,Pennsylvania,Lancaster,17602,East
PK-18910,Paul Knutson,Home Office,United States,Pennsylvania,Philadelphia,19143,East
SM-20005,Sally Matthias,,United States,,,10009,East
AG-10765,Anthony Garverick,Home Office,United States,Pennsylvania,Philadelphia,19120,East
PM-19135,Peter McVee,Home Office,United States,Michigan,Detroit,48227,Central
LL-16840,Lauren Leatherbury,Consumer,United States,New York,Rochester,14609,East
JS-15595,Jill Stevenson,Corporate,United States,California,Los Angeles,90045,West
EL-13735,Ed Ludwig,Home Office,United States,Maryland,Columbia,21044,East
PC-18745,Pamela Coakley,Corporate,United States,California,San Francisco,94122,West
HL-15040,Hunter Lopez,Consumer,United States,Texas,Houston,77095,Central
MS-17365,Maribeth Schnelling,Consumer,United States,Michigan,Detroit,48227,Central
GB-14530,George Bell,Corporate,United States,New York,Auburn,13021,East
JR-16210,Justin Ritter,Corporate,United States,Ohio,Springfield,45503,East
BE-11335,Bill Eplett,Home Office,United States,Michigan,Jackson,49201,Central
SC-20050,Sample Company A,Home Office,United States,Connecticut,Norwich,6360,East
RW-19630,Rob Williams,Corporate,United States,Texas,Dallas,75220,Central
SE-20110,Sanjit Engle,Consumer,United States,New York,New York City,10009,East
AH-10075,Adam Hart,Corporate,United States,New York,New York City,10011,East
JM-15535,Jessica Myrick,Consumer,United States,Pennsylvania,Philadelphia,19143,East
JJ-15760,Joel Jenkins,Home Office,United States,Virginia,Springfield,22153,South
RK-19300,Ralph Kennedy,,United States,,,19140,East
CG-12040,Catherine Glotzbach,Home Office,United States,Pennsylvania,Philadelphia,19120,East
RP-19270,Rachel Payne,Corporate,United States,California,Riverside,92503,West
KC-16255,Karen Carlisle,Corporate,United States,California,San Francisco,94110,West
KH-16360,Katherine Hughes,,United States,,,19143,East
GH-14665,Greg Hansen,Consumer,United States,Texas,Round Rock,78664,Central
SW-20275,Scott Williamson,Consumer,United States,Mississippi,Jackson,39212,South
JA-15970,Joseph Airdo,Consumer,United States,Arizona,Phoenix,85023,West
DL-12925,Daniel Lacy,Consumer,United States,California,Oceanside,92054,West
LW-16990,Lindsay Williams,,United States,,,94110,West
TB-21190,Thomas Brumley,Home Office,United States,Arkansas,Fayetteville,72701,South
BS-11800,Bryan Spruell,Home Office,United States,New York,New York City,10011,East
RW-19690,Robert Waldorf,Consumer,United States,North Carolina,Wilmington,28403,South
TZ-21580,Tracy Zic,Consumer,United States,Colorado,Louisville,80027,West
AS-10630,Ann Steele,Home Office,United States,Texas,Pasadena,77506,Central
TS-21340,Toby Swindell,Consumer,United States,Texas,Houston,77041,Central
SL-20155,Sara Luxemburg,Home Office,United States,Florida,Jacksonville,32216,South
MW-18235,Mitch Willingham,Corporate,United States,Virginia,Virginia Beach,23464,South
RD-19585,Rob Dowd,Consumer,United States,Kentucky,Henderson,42420,South
RA-19945,Ryan Akin,Consumer,United States,California,Murrieta,92563,West
MT-17815,Meg Tillman,Consumer,United States,Arizona,Scottsdale,85254,West
VG-21790,Vivek Gonzalez,Consumer,United States,California,San Diego,92037,West
JS-15880,John Stevenson,Consumer,United States,Washington,Seattle,98103,West
KM-16225,Kalyca Meade,Corporate,United States,New York,New York City,10011,East
HR-14770,Hallie Redmond,Home Office,United States,California,Los Angeles,90045,West
DE-13255,Deanra Eno,Home Office,United States,Ohio,Springfield,45503,East
AG-10390,Allen Goldenen,Consumer,United States,Ohio,Cincinnati,45231,East
JJ-15445,Jennifer Jackson,Consumer,United States,California,Los Angeles,90004,West
JH-15430,Jennifer Halladay,Consumer,United States,North Carolina,Burlington,27217,South
RD-19660,Robert Dilbeck,Home Office,United States,Missouri,Saint Peters,63376,Central
MO-17500,Mary O'Rourke,Consumer,United States,New York,New York City,10035,East
NS-18640,Noel Staavos,Corporate,United States,Illinois,Chicago,60610,Central
DG-13300,Deirdre Greer,Corporate,United States,Pennsylvania,Philadelphia,19134,East
NF-18595,Nicole Fjeld,Home Office,United States,New York,New York City,10009,East
MG-17650,Matthew Grinstein,Home Office,United States,Pennsylvania,Philadelphia,19143,East
TS-21160,Theresa Swint,Corporate,United States,Ohio,Toledo,43615,East
BD-11620,Brian DeCherney,Consumer,United States,California,San Francisco,94122,West
CM-12160,Charles McCrossin,,United States,,,78521,Central
SN-20560,Skye Norling,Home Office,United States,California,Los Angeles,90008,West
EH-14005,Erica Hernandez,,United States,,,80219,West
FO-14305,Frank Olsen,Consumer,United States,New York,New York City,10035,East
MS-17710,Maurice Satty,Consumer,United States,Arizona,Mesa,85204,West
CC-12100,Chad Cunningham,,United States,,,47201,Central
DW-13540,Don Weiss,Consumer,United States,Washington,Seattle,98105,West
BT-11395,Bill Tyler,Corporate,United States,Michigan,Detroit,48227,Central
CY-12745,Craig Yedwab,,United States,,,94601,West
BT-11485,Brad Thomas,Home Office,United States,Maryland,Clinton,20735,East
PS-19045,Penelope Sewall,Home Office,United States,North Carolina,Charlotte,28205,South
PV-18985,Paul Van Hugh,Home Office,United States,California,San Francisco,94122,West
NM-18520,Neoma Murray,Consumer,United States,California,Riverside,92503,West
DL-13495,Dionis Lloyd,Corporate,United States,California,San Francisco,94110,West
CS-12355,Christine Sundaresam,Consumer,United States,Georgia,Roswell,30076,South
FH-14275,Frank Hawley,Corporate,United States,Indiana,La Porte,46350,Central
NC-18340,Nat Carroll,Consumer,United States,Michigan,Lansing,48911,Central
AA-10315,Alex Avila,Consumer,United States,Minnesota,Minneapolis,55407,Central
LT-16765,Larry Tron,Consumer,United States,California,Escondido,92025,West
AP-10720,Anne Pryor,Home Office,United States,New York,New York City,10035,East
PM-18940,Paul MacIntyre,Consumer,United States,Michigan,Jackson,49201,Central
AT-10435,Alyssa Tate,Home Office,United States,California,Los Angeles,90004,West
CA-12055,Cathy Armstrong,Home Office,United States,Texas,Houston,77070,Central
HR-14830,Harold Ryan,Corporate,United States,Washington,Seattle,98103,West
BT-11530,Bradley Talbott,,United States,,,90036,West
LH-16750,Larry Hughes,Consumer,United States,North Carolina,Charlotte,28205,South
SW-20755,Steven Ward,Corporate,United States,New York,New York City,10009,East
SP-20620,Stefania Perrino,Corporate,United States,Pennsylvania,Philadelphia,19134,East
BF-11170,Ben Ferrer,Home Office,United States,California,Los Angeles,90036,West
KT-16480,Kean Thornton,Consumer,United States,New York,Buffalo,14215,East
BG-11695,Brooke Gillingham,Corporate,United States,Ohio,Cincinnati,45231,East
GM-14680,Greg Matthias,Consumer,United States,Washington,Seattle,98105,West
EJ-14155,Eva Jacobs,Consumer,United States,Mississippi,Gulfport,39503,South
NP-18700,Nora Preis,Consumer,United States,California,Fresno,93727,West
MH-18115,Mick Hernandez,,United States,,,19013,East
JR-15700,Jocasta Rupert,Consumer,United States,Florida,Jacksonville,32216,South
SM-20950,Suzanne McNair,,United States,,,27834,South
CC-12220,Chris Cortes,Consumer,United States,Indiana,La Porte,46350,Central
PF-19225,Phillip Flathmann,Consumer,United States,California,San Francisco,94122,West
DC-12850,Dan Campbell,Consumer,United States,Alabama,Florence,35630,South
BD-11770,Bryan Davis,,United States,,,77070,Central
GM-14500,Gene McClure,Consumer,United States,Rhode Island,Providence,2908,East
TB-21355,Todd Boyes,Corporate,United States,New York,New York City,10009,East
JH-16180,Justin Hirsh,Consumer,United States,Colorado,Pueblo,81001,West
EB-13975,Erica Bern,Corporate,United States,California,Fairfield,94533,West
QJ-19255,Quincy Jones,Corporate,United States,Minnesota,Saint Paul,55106,Central
TC-21535,Tracy Collins,Home Office,United States,Virginia,Arlington,22204,South
CS-12460,Chuck Sachs,Consumer,United States,Georgia,Columbus,31907,South
HG-14965,Henry Goldwyn,Corporate,United States,California,Los Angeles,90032,West
LW-16825,Laurel Workman,,United States,,,32725,South
MC-17575,Matt Collins,Consumer,United States,Ohio,Cincinnati,45231,East
LP-17095,Liz Preis,Consumer,United States,Kentucky,Murray,42071,South
EB-14170,Evan Bailliet,Consumer,United States,North Carolina,Wilmington,28403,South
GZ-14545,George Zrebassa,Corporate,United States,Massachusetts,Lawrence,1841,East
CP-12085,Cathy Prescott,Corporate,United States,Connecticut,Norwich,6360,East
FG-14260,Frank Gastineau,Home Office,United States,California,San Francisco,94110,West
LD-17005,Lisa DeCherney,Consumer,United States,California,San Francisco,94109,West
AB-10255,Alejandro Ballentine,,United States,,,44052,East
MN-17935,Michael Nguyen,Consumer,United States,Texas,Dallas,75220,Central
JR-15670,Jim Radford,Consumer,United States,Connecticut,Middletown,6457,East
JF-15190,Jamie Frazer,Consumer,United States,California,Los Angeles,90008,West
CM-12115,Chad McGuire,Consumer,United States,New York,New York City,10011,East
AS-10045,Aaron Smayling,Corporate,United States,North Carolina,Jacksonville,28540,South
BP-11290,Beth Paige,Consumer,United States,Illinois,Evanston,60201,Central
ND-18370,Natalie DeCherney,Consumer,United States,Kentucky,Louisville,40214,South
LB-16735,Larry Blacks,Consumer,United States,Texas,Fort Worth,76106,Central
KT-16465,Kean Takahito,Consumer,United States,California,Los Angeles,90049,West
HM-14860,Harry Marie,,United States,,,19120,East
AB-10600,Ann Blume,Corporate,United States,Arizona,Tucson,85705,West
SZ-20035,Sam Zeldin,Home Office,United States,California,Pico Rivera,90660,West
MG-17890,Michael Granlund,Home Office,United States,Maryland,Clinton,20735,East
JK-16120,Julie Kriz,Home Office,United States,Illinois,Aurora,60505,Central
PP-18955,Paul Prost,Home Office,United States,Georgia,Smyrna,30080,South
YS-21880,Yana Sorensen,,United States,,,27217,South
KM-16375,Katherine Murray,Home Office,United States,Virginia,Salem,24153,South
AB-10105,Adrian Barton,Consumer,United States,Arizona,Phoenix,85023,West
HA-14905,Helen Abelman,Consumer,United States,New York,New York City,10024,East
BT-11305,Beth Thompson,Home Office,United States,California,Costa Mesa,92627,West
SV-20815,Stuart Van,Corporate,United States,Texas,Houston,77041,Central
RW-19540,Rick Wilson,Corporate,United States,Arizona,Mesa,85204,West
DK-12835,Damala Kotsonis,Corporate,United States,California,Salinas,93905,West
ST-20530,Shui Tom,Consumer,United States,Ohio,Parma,44134,East
MM-17920,Michael Moore,,United States,,,94110,West
PW-19030,Pauline Webber,Corporate,United States,Kentucky,Richmond,40475,South
SC-20440,Shaun Chance,Corporate,United States,Colorado,Aurora,80013,West
TS-21085,Thais Sissman,Consumer,United States,Arizona,Phoenix,85023,West
MC-17425,Mark Cousins,Corporate,United States,Alabama,Mobile,36608,South
ME-17320,Maria Etezadi,Home Office,United States,Georgia,Columbus,31907,South
NH-18610,Nicole Hansen,,United States,,,75061,Central
MB-18085,Mick Brown,Consumer,United States,New Jersey,Vineland,8360,East
KD-16495,Keith Dawkins,Corporate,United States,New York,New York City,10009,East
KN-16390,Katherine Nockton,,United States,,,90004,West
NP-18685,Nora Pelletier,Home Office,United States,New York,Niagara Falls,14304,East
CS-12505,Cindy Stewart,Consumer,United States,North Carolina,Thomasville,27360,South
MS-17770,Maxwell Schwartz,Consumer,United States,New York,New York City,10035,East
CM-12655,Corinna Mitchell,Home Office,United States,California,Los Angeles,90008,West
Co-12640,Corey-Lock,Consumer,United States,Pennsylvania,Philadelphia,19143,East
TS-21370,Todd Sumrall,Corporate,United States,New York,New York City,10035,East
JW-15220,Jane Waco,Corporate,United States,Washington,Vancouver,98661,West
JD-15790,John Dryer,Consumer,United States,Texas,Coppell,75019,Central
PC-19000,Pauline Chand,Home Office,United States,California,Los Angeles,90004,West
AR-10540,Andy Reiter,Consumer,United States,New York,New York City,10024,East
AI-10855,Arianne Irving,Consumer,United States,Pennsylvania,Philadelphia,19120,East
TB-21400,Tom Boeckenhauer,Consumer,United States,Washington,Seattle,98105,West
PL-18925,Paul Lucas,Home Office,United States,Illinois,Chicago,60610,Central
GH-14425,Gary Hwang,Consumer,United States,Arizona,Tucson,85705,West
MP-18175,Mike Pelletier,Home Office,United States,California,Laguna Niguel,92677,West
JM-15655,Jim Mitchum,Corporate,United States,New Jersey,Bridgeton,8302,East
CL-11890,Carl Ludwig,Consumer,United States,Massachusetts,Everett,2149,East
DB-13270,Deborah Brumfield,,United States,,,92024,West
IG-15085,Ivan Gibson,Consumer,United States,California,San Diego,92024,West
BO-11425,Bobby Odegard,Consumer,United States,Kentucky,Richmond,40475,South
AB-10150,Aimee Bixby,Consumer,United States,New York,Long Beach,11561,East
JW-16075,Julia West,Consumer,United States,Pennsylvania,Philadelphia,19140,East
EB-13750,Edward Becker,Corporate,United States,Washington,Seattle,98103,West
SG-20470,Sheri Gordon,Consumer,United States,New York,New York City,10011,East
CM-12190,Charlotte Melton,Consumer,United States,Pennsylvania,Philadelphia,19134,East
AW-10840,Anthony Witt,Consumer,United States,Texas,Allen,75002,Central
MC-18100,Mick Crebagga,Consumer,United States,Texas,El Paso,79907,Central
TT-21460,Tonja Turnell,,United States,,,60505,Central
VG-21805,Vivek Grady,Corporate,United States,Virginia,Virginia Beach,23464,South
MY-18295,Muhammed Yedwab,Corporate,United States,Texas,Grapevine,76051,Central
RD-19480,Rick Duston,Consumer,United States,Washington,Olympia,98502,West
DP-13390,Dennis Pardue,Home Office,United States,Illinois,Peoria,61604,Central
ML-17395,Marina Lichtenstein,Corporate,United States,California,Los Angeles,90008,West
JC-15385,Jenna Caffey,Consumer,United States,Washington,Kent,98031,West
JG-15160,James Galang,Consumer,United States,California,Los Angeles,90049,West
MC-17275,Marc Crier,Consumer,United States,Louisiana,Lafayette,70506,South
NW-18400,Natalie Webber,Consumer,United States,Oregon,Tigard,97224,West
TB-21280,Toby Braunhardt,Consumer,United States,District of Columbia,Washington,20016,East
BS-11380,Bill Stewart,Corporate,United States,Illinois,Skokie,60076,Central
HH-15010,Hilary Holden,,United States,,,94110,West
CD-12280,Christina DeMoss,Consumer,United States,Washington,Seattle,98105,West
TH-21100,Thea Hendricks,Consumer,United States,California,Los Angeles,90045,West
MM-18055,Michelle Moray,Consumer,United States,Washington,Seattle,98115,West
NS-18505,Neola Schneider,Consumer,United States,Texas,Dallas,75217,Central
RB-19645,Robert Barroso,,United States,,,89031,West
SW-20455,Shaun Weien,Consumer,United States,Virginia,Suffolk,23434,South
EB-13930,Eric Barreto,Consumer,United States,California,San Francisco,94110,West
PS-18760,Pamela Stobb,Consumer,United States,California,Los Angeles,90008,West
HF-14995,Herbert Flentye,Consumer,United States,Indiana,Indianapolis,46203,Central
HZ-14950,Henia Zydlo,,United States,,,43229,East
CD-12790,Cynthia Delaney,Home Office,United States,California,San Diego,92037,West
JK-15205,Jamie Kunitz,Consumer,United States,California,San Francisco,94122,West
FM-14215,Filia McAdams,Corporate,United States,Ohio,Dublin,43017,East
ED-13885,Emily Ducich,Home Office,United States,California,San Diego,92037,West
DA-13450,Dianna Arnett,Home Office,United States,Texas,Houston,77095,Central
JW-15955,Joni Wasserman,Consumer,United States,California,Oakland,94601,West
RM-19375,Raymond Messe,Consumer,United States,Texas,Houston,77095,Central
ML-17755,Max Ludwig,Home Office,United States,Virginia,Suffolk,23434,South
CC-12685,Craig Carroll,Consumer,United States,North Carolina,Greensboro,27405,South
JE-15610,Jim Epp,,United States,,,53209,Central
RP-19855,Roy Phan,Corporate,United States,Wisconsin,Kenosha,53142,Central
TB-21175,Thomas Boland,Corporate,United States,Texas,Houston,77041,Central
BE-11455,Brad Eason,,United States,,,66062,Central
JF-15565,Jill Fjeld,Consumer,United States,Texas,Dallas,75081,Central
PB-19210,Phillip Breyer,Corporate,United States,Oklahoma,Tulsa,74133,Central
BT-11680,Brian Thompson,Consumer,United States,Ohio,Newark,43055,East
JL-15235,Janet Lee,Consumer,United States,Illinois,Chicago,60623,Central
CH-12070,Cathy Hwang,Home Office,United States,North Carolina,Raleigh,27604,South
ND-18460,Neil Ducich,Corporate,United States,Georgia,Macon,31204,South
BF-10975,Barbara Fisher,Corporate,United States,North Carolina,Charlotte,28205,South
KH-16330,Katharine Harms,Corporate,United States,Kentucky,Bowling Green,42104,South
GW-14605,Giulietta Weimer,Consumer,United States,Washington,Seattle,98115,West
NC-18625,Noah Childs,Corporate,United States,Colorado,Aurora,80013,West
ME-18010,Michelle Ellison,Corporate,United States,California,San Francisco,94122,West
BP-11230,Benjamin Patterson,Consumer,United States,Washington,Spokane,99207,West
JC-15775,John Castell,Consumer,United States,Texas,San Antonio,78207,Central
AS-10090,Adam Shillingsburg,Consumer,United States,Virginia,Charlottesville,22901,South
AC-10450,Amy Cox,Consumer,United States,Minnesota,Minneapolis,55407,Central
MD-17860,Michael Dominguez,Corporate,United States,Indiana,Indianapolis,46203,Central
DB-13660,Duane Benoit,Consumer,United States,New York,Oceanside,11572,East
EH-13990,Erica Hackney,Consumer,United States,Georgia,Roswell,30076,South
EH-13765,Edward Hooks,Corporate,United States,New York,Watertown,13601,East
SC-20230,Scot Coram,Corporate,United States,Texas,Arlington,76017,Central
JE-15715,Joe Elijah,Consumer,United States,Colorado,Broomfield,80020,West
AC-10615,Ann Chong,Corporate,United States,New York,New York City,10009,East
JD-16015,Joy Daniels,Consumer,United States,Illinois,Chicago,60610,Central
CB-12415,Christy Brittain,Consumer,United States,Ohio,Columbus,43229,East
JS-16030,Joy Smith,Consumer,United States,Texas,Houston,77036,Central
LW-17215,Luke Weiss,Consumer,United States,California,Pasadena,91104,West
SC-20800,Stuart Calhoun,Consumer,United States,Texas,Houston,77041,Central
AM-10705,Anne McFarland,Consumer,United States,Alabama,Auburn,36830,South
RH-19510,Rick Huthwaite,Home Office,United States,Rhode Island,Providence,2908,East
CT-11995,Carol Triggs,Consumer,United States,Minnesota,Rochester,55901,Central
MC-17590,Matt Collister,Corporate,United States,New Jersey,Perth Amboy,8861,East
CC-12610,Corey Catlett,Corporate,United States,Pennsylvania,Philadelphia,19134,East
KA-16525,Kelly Andreada,Consumer,United States,California,Ontario,91761,West
TC-20980,Tamara Chand,Corporate,United States,Washington,Seattle,98105,West
BF-11080,Bart Folk,Consumer,United States,Maryland,Baltimore,21215,East
MM-17260,Magdelene Morse,Consumer,United States,Delaware,Wilmington,19805,East
AH-10120,Adrian Hane,Home Office,United States,Arizona,Tucson,85705,West
BW-11200,Ben Wallace,Consumer,United States,Florida,Boynton Beach,33437,South
SW-20245,Scot Wooten,Consumer,United States,California,Stockton,95207,West
BS-11665,Brian Stugart,Consumer,United States,Pennsylvania,Philadelphia,19143,East
RF-19345,Randy Ferguson,Corporate,United States,New Hampshire,Dover,3820,East
WB-21850,William Brown,Consumer,United States,Pennsylvania,Philadelphia,19134,East
TB-21625,Trudy Brown,Consumer,United States,Texas,Grand Prairie,75051,Central
AF-10870,Art Ferguson,,United States,,,77840,Central
RB-19435,Richard Bierner,Consumer,United States,Missouri,Saint Louis,63116,Central
KF-16285,Karen Ferguson,Home Office,United States,California,Manteca,95336,West
JH-15820,John Huston,,United States,,,44240,East
IL-15100,Ivan Liston,Consumer,United States,California,San Francisco,94122,West
PB-18805,Patrick Bzostek,Home Office,United States,Utah,Salt Lake City,84106,West
RH-19600,Rob Haberlin,Consumer,United States,Alabama,Huntsville,35810,South
AW-10930,Arthur Wiediger,Home Office,United States,Illinois,Aurora,60505,Central
ML-17410,Maris LaWare,Consumer,United States,Connecticut,Fairfield,6824,East
DB-13555,Dorothy Badders,Corporate,United States,Florida,Jacksonville,32216,South
MH-17620,Matt Hagelstein,Corporate,United States,California,San Francisco,94110,West
DK-13375,Dennis Kane,,United States,,,43302,East
BT-11440,Bobby Trafton,Consumer,United States,Colorado,Littleton,80122,West
DB-13405,Denny Blanton,Consumer,United States,Indiana,La Porte,46350,Central
TG-21310,Toby Gnade,Consumer,United States,California,Los Angeles,90049,West
BF-11005,Barry Franz,Home Office,United States,California,Pasadena,91104,West
JM-16195,Justin MacKendrick,Consumer,United States,California,Los Angeles,90004,West
MZ-17335,Maria Zettner,Home Office,United States,California,San Diego,92024,West
MW-18220,Mitch Webber,Consumer,United States,New York,New York City,10035,East
MV-17485,Mark Van Huff,Consumer,United States,Virginia,Arlington,22204,South
SM-20320,Sean Miller,Home Office,United States,North Carolina,Monroe,28110,South
TP-21415,Tom Prescott,Consumer,United States,Washington,Seattle,98115,West
JK-15625,Jim Karlsson,Consumer,United States,Washington,Seattle,98115,West
PJ-18835,Patrick Jones,Corporate,United States,Tennessee,Murfreesboro,37130,South
RS-19420,Ricardo Sperren,Corporate,United States,Washington,Seattle,98115,West
SV-20935,Susan Vittorini,Consumer,United States,New York,New York City,10009,East
BC-11125,Becky Castell,Home Office,United States,Arizona,Peoria,85345,West
EM-13825,Elizabeth Moffitt,Corporate,United States,South Dakota,Sioux Falls,57103,Central
BM-11575,Brendan Murry,Corporate,United States,New York,New York City,10035,East
KN-16705,Kristina Nunn,Home Office,United States,Colorado,Fort Collins,80525,West
KW-16570,Kelly Williams,Consumer,United States,Tennessee,Clarksville,37042,South
SC-20260,Scott Cohen,Corporate,United States,California,San Francisco,94122,West
CV-12295,Christina VanderZanden,Consumer,United States,California,Fresno,93727,West
SG-20605,Speros Goranitis,,United States,,,10009,East
TM-21010,Tamara Manning,Consumer,United States,California,San Francisco,94122,West
EM-13810,Eleni McCrary,Corporate,United States,California,Los Angeles,90036,West
ML-18040,Michelle Lonsdale,Corporate,United States,New Mexico,Albuquerque,87105,West
CR-12580,Clay Rozendal,Home Office,United States,Illinois,Elmhurst,60126,Central
AZ-10750,Annie Zypern,Consumer,United States,New York,New York City,10009,East
PW-19240,Pierre Wener,Consumer,United States,Colorado,Louisville,80027,West
SC-20380,Shahid Collister,Consumer,United States,Washington,Seattle,98115,West
CM-11935,Carlos Meador,Consumer,United States,North Carolina,Fayetteville,28314,South
GM-14695,Greg Maxwell,Corporate,United States,California,Los Angeles,90036,West
TB-21250,Tim Brockman,Consumer,United States,New York,New York City,10024,East
JM-15865,John Murray,,United States,,,14701,East
SC-20575,Sonia Cooley,Consumer,United States,Indiana,Mishawaka,46544,Central
LS-17200,Luke Schmidt,Corporate,United States,Illinois,Skokie,60076,Central
RR-19315,Ralph Ritter,Consumer,United States,California,San Francisco,94110,West
DB-12910,Daniel Byrd,Home Office,United States,Florida,Tampa,33614,South
TT-21220,Thomas Thornton,Consumer,United States,Texas,Houston,77041,Central
LO-17170,Lori Olson,Corporate,United States,California,La Quinta,92253,West
KD-16615,Ken Dana,Corporate,United States,Arizona,Scottsdale,85254,West
NB-18580,Nicole Brennan,,United States,,,19134,East
BD-11635,Brian Derr,Consumer,United States,Kentucky,Bowling Green,42104,South
CM-12235,Chris McAfee,Consumer,United States,Texas,Carrollton,75007,Central
EN-13780,Edward Nazzal,Consumer,United States,New York,New York City,10035,East
KN-16450,Kean Nguyen,Corporate,United States,Florida,Jacksonville,32216,South
BO-11350,Bill Overfelt,Corporate,United States,California,Los Angeles,90045,West
AG-10300,Aleksandra Gannaway,Corporate,United States,California,Los Angeles,90049,West
MC-17635,Matthew Clasen,Corporate,United States,Missouri,Saint Louis,63116,Central
TA-21385,Tom Ashbrook,Home Office,United States,New York,New York City,10024,East
JF-15295,Jason Fortune-,Consumer,United States,Washington,Seattle,98103,West
TT-21265,Tim Taslimi,Corporate,United States,California,Los Angeles,90045,West
SB-20170,Sarah Bern,Consumer,United States,New York,New York City,10035,East
CL-12700,Craig Leslie,Home Office,United States,Missouri,Springfield,65807,Central
HG-15025,Hunter Glantz,Consumer,United States,Texas,Amarillo,79109,Central
NL-18310,Nancy Lomonaco,Home Office,United States,California,Los Angeles,90045,West
RR-19525,Rick Reed,Corporate,United States,Massachusetts,Lowell,1852,East
TC-21295,Toby Carlisle,Consumer,United States,California,San Diego,92024,West
SV-20785,Stewart Visinsky,Consumer,United States,Colorado,Pueblo,81001,West
BE-11410,Bobby Elias,Consumer,United States,Ohio,Lancaster,43130,East
SC-20680,Steve Carroll,Home Office,United States,Georgia,Columbus,31907,South
DF-13135,David Flashing,Consumer,United States,California,Vallejo,94591,West
FH-14350,Fred Harton,Consumer,United States,Washington,Seattle,98105,West
MS-17530,MaryBeth Skach,Consumer,United States,California,San Diego,92037,West
RH-19555,Ritsa Hightower,,United States,,,32303,South
GA-14515,George Ashbrook,Consumer,United States,California,San Francisco,94122,West
JP-16135,Julie Prescott,,United States,,,31907,South
Dp-13240,Dean percer,Home Office,United States,Utah,Murray,84107,West
MO-17950,Michael Oakman,Consumer,United States,Texas,Dallas,75220,Central
DL-13330,Denise Leinenbach,Consumer,United States,New Mexico,Las Cruces,88001,West
MH-18025,Michelle Huthwaite,Consumer,United States,Washington,Seattle,98115,West
DR-12940,Daniel Raglin,Home Office,United States,Massachusetts,Franklin,2038,East
DM-13015,Darrin Martin,Consumer,United States,California,Encinitas,92024,West
CA-11965,Carol Adams,Corporate,United States,Alabama,Hoover,35244,South
AC-10660,Anna Chung,Consumer,United States,Texas,Huntsville,77340,Central
DM-13345,Denise Monton,Corporate,United States,Georgia,Roswell,30076,South
VF-21715,Vicky Freymann,Home Office,United States,Indiana,Columbus,47201,Central
CC-12370,Christopher Conant,Consumer,United States,North Carolina,Fayetteville,28314,South
BF-11275,Beth Fritzler,,United States,,,85705,West
HG-14845,Harry Greene,Consumer,United States,Louisiana,Lake Charles,70601,South
BP-11155,Becky Pak,Consumer,United States,Georgia,Columbus,31907,South
EM-14140,Eugene Moren,Home Office,United States,Arizona,Glendale,85301,West
MA-17995,Michelle Arnett,Home Office,United States,New York,Watertown,13601,East
AY-10555,Andy Yotov,Corporate,United States,California,Oceanside,92054,West
GB-14575,Giulietta Baptist,Consumer,United States,Pennsylvania,Philadelphia,19134,East
JB-16045,Julia Barnett,Home Office,United States,Georgia,Columbus,31907,South
MG-17875,Michael Grace,Home Office,United States,New York,New York City,10011,East
SR-20425,Sharelle Roach,Home Office,United States,Colorado,Louisville,80027,West
JB-16000,Joy Bell-,Consumer,United States,Texas,Brownsville,78521,Central
DM-12955,Dario Medina,Corporate,United States,Michigan,Lincoln Park,48146,Central
TC-21475,Tony Chapman,Home Office,United States,Georgia,Columbus,31907,South
SW-20350,Sean Wendt,Home Office,United States,Michigan,Detroit,48227,Central
RE-19450,Richard Eichhorn,Consumer,United States,Texas,Dallas,75081,Central
BF-11215,Benjamin Farhat,Home Office,United States,New Mexico,Albuquerque,87105,West
KB-16405,Katrina Bavinger,,United States,,,92307,West
JG-15310,Jason Gross,Corporate,United States,Rhode Island,Providence,2908,East
EC-14050,Erin Creighton,Consumer,United States,New York,New York City,10024,East
EB-14110,Eugene Barchas,,United States,,,19134,East
JP-15460,Jennifer Patt,Corporate,United States,New York,Oceanside,11572,East
CS-11845,Cari Sayre,,United States,,,98105,West
GH-14410,Gary Hansen,Home Office,United States,Arizona,Glendale,85301,West
PT-19090,Pete Takahito,Consumer,United States,Texas,Houston,77070,Central
JL-15130,Jack Lebron,Consumer,United States,Texas,Houston,77036,Central
AH-10030,Aaron Hawkins,Corporate,United States,Pennsylvania,Philadelphia,19134,East
CC-12475,Cindy Chapman,Consumer,United States,New York,New York City,10024,East
DW-13195,David Wiener,Corporate,United States,Texas,Houston,77095,Central
SJ-20215,Sarah Jordon,Consumer,United States,Texas,Grand Prairie,75051,Central
BG-11740,Bruce Geld,,United States,,,19120,East
LB-16795,Laurel Beltran,Home Office,United States,Illinois,Highland Park,60035,Central
CM-11815,Candace McMahon,Corporate,United States,Texas,Pasadena,77506,Central
EH-14185,Evan Henry,Consumer,United States,Alabama,Decatur,35601,South
TS-21505,Tony Sayre,,United States,,,38401,South
PR-18880,Patrick Ryan,Consumer,United States,California,Oakland,94601,West
LC-17050,Liz Carlisle,Consumer,United States,California,Mission Viejo,92691,West
CS-12490,Cindy Schnelling,Corporate,United States,Texas,Conroe,77301,Central
DH-13075,Dave Hallsten,Corporate,United States,Kentucky,Richmond,40475,South
JO-15145,Jack O'Briant,Corporate,United States,Pennsylvania,Philadelphia,19140,East
AH-10690,Anna Häberlin,Corporate,United States,New York,New York City,10024,East
HJ-14875,Heather Jas,Home Office,United States,Florida,Jacksonville,32216,South
MH-17455,Mark Hamilton,Consumer,United States,North Carolina,Jacksonville,28540,South
RD-19930,Russell D'Ascenzo,Consumer,United States,Texas,Austin,78745,Central
SC-20020,Sam Craven,Consumer,United States,Texas,Plano,75023,Central
SU-20665,Stephanie Ulpright,Home Office,United States,Mississippi,Jackson,39212,South
FC-14335,Fred Chung,Corporate,United States,Texas,Mesquite,75150,Central
RB-19330,Randy Bradley,Consumer,United States,Pennsylvania,Philadelphia,19143,East
NC-18535,Nick Crebassa,Corporate,United States,Texas,Dallas,75217,Central
DB-12970,Darren Budd,Corporate,United States,California,Los Angeles,90004,West
MF-17665,Maureen Fritzler,Corporate,United States,Ohio,Toledo,43615,East
RM-19750,Roland Murray,Consumer,United States,New York,New York City,10011,East
VM-21835,Vivian Mathis,Consumer,United States,Delaware,Newark,19711,East
EJ-13720,Ed Jacobs,Consumer,United States,California,San Diego,92037,West
NC-18415,Nathan Cano,Consumer,United States,North Carolina,Jacksonville,28540,South
LS-17230,Lycoris Saunders,Consumer,United States,Delaware,Dover,19901,East
KE-16420,Katrina Edelman,Corporate,United States,Tennessee,Bristol,37620,South
DH-13675,Duane Huffman,Home Office,United States,Massachusetts,Quincy,2169,East
PF-19120,Peter Fuller,Consumer,United States,Arizona,Gilbert,85234,West
VT-21700,Valerie Takahito,,United States,,,19143,East
MG-17695,Maureen Gnade,Consumer,United States,New York,Buffalo,14215,East
SP-20920,Susan Pistek,Consumer,United States,California,Los Angeles,90036,West
CS-12175,Charles Sheldon,Corporate,United States,Tennessee,Columbia,38401,South
DK-12895,Dana Kaydos,Consumer,United States,Wisconsin,Kenosha,53142,Central
KM-16660,Khloe Miller,Consumer,United States,Georgia,Roswell,30076,South
AA-10645,Anna Andreadi,Consumer,United States,Pennsylvania,Chester,19013,East
DD-13570,Dorothy Dickinson,Consumer,United States,Texas,Houston,77041,Central
AH-10465,Amy Hunt,Consumer,United States,New York,New York City,10035,East
TP-21565,Tracy Poddar,Corporate,United States,Colorado,Aurora,80013,West
EK-13795,Eileen Kiefer,Home Office,United States,California,Santa Ana,92704,West
CR-12820,Cyra Reiten,Home Office,United States,New York,New York City,10035,East
SG-20890,Susan Gilcrest,Corporate,United States,Texas,Mcallen,78501,Central
AH-10585,Angele Hood,Consumer,United States,Illinois,Chicago,60623,Central
NF-18475,Neil Französisch,Home Office,United States,Illinois,Rockford,61107,Central
BS-11365,Bill Shonely,Corporate,United States,New York,New York City,10011,East
SH-20635,Stefanie Holloman,Corporate,United States,Tennessee,Jackson,38301,South
RD-19720,Roger Demir,Consumer,United States,Florida,Daytona Beach,32114,South
AG-10330,Alex Grayson,Consumer,United States,California,Stockton,95207,West
GR-14560,Georgia Rosenberg,Corporate,United States,California,San Francisco,94110,West
VS-21820,Vivek Sundaresam,,United States,,,90036,West
TM-21490,Tony Molinari,Consumer,United States,Oklahoma,Oklahoma City,73120,Central
TS-21430,Tom Stivers,Corporate,United States,California,Los Angeles,90045,West
DB-13360,Dennis Bolton,Home Office,United States,New York,New York City,10009,East
NR-18550,Nick Radford,,United States,,,60505,Central
CS-11860,Cari Schnelling,,United States,,,28540,South
MF-18250,Monica Federle,Corporate,United States,California,Los Angeles,90036,West
LW-17125,Liz Willingham,,United States,,,6360,East
AR-10345,Alex Russell,Corporate,United States,Massachusetts,Lawrence,1841,East
KS-16300,Karen Seio,Corporate,United States,Utah,Lehi,84043,West
AB-10015,Aaron Bergman,,United States,,,98103,West
LR-17035,Lisa Ryan,Corporate,United States,Pennsylvania,Philadelphia,19134,East
SS-20410,Shahid Shariari,Consumer,United States,California,Los Angeles,90008,West
JM-15580,Jill Matthias,Consumer,United States,North Carolina,Monroe,28110,South
JK-15325,Jason Klamczynski,Corporate,United States,Texas,Dallas,75220,Central
DM-13525,Don Miller,Corporate,United States,Texas,Houston,77070,Central
ML-18265,Muhammed Lee,,United States,,,98103,West
MH-17290,Marc Harrigan,Home Office,United States,California,Los Angeles,90036,West
FC-14245,Frank Carlisle,Home Office,United States,Ohio,Lakewood,44107,East
TH-21115,Thea Hudgings,Corporate,United States,Pennsylvania,Philadelphia,19140,East
JK-16090,Juliana Krohn,Consumer,United States,Nebraska,Omaha,68104,Central
SB-20185,Sarah Brown,Consumer,United States,New Hampshire,Concord,3301,East
BG-11035,Barry Gonzalez,Consumer,United States,Louisiana,Monroe,71203,South
BW-11065,Barry Weirich,Consumer,United States,North Carolina,Raleigh,27604,South
MG-18205,Mitch Gastineau,Corporate,United States,Florida,Jacksonville,32216,South
DO-13645,Doug O'Connell,Consumer,United States,California,Los Angeles,90036,West
BP-11050,Barry Pond,Corporate,United States,Rhode Island,Cranston,2920,East
TS-21655,Trudy Schmidt,Consumer,United States,Wisconsin,Milwaukee,53209,Central
EM-14200,Evan Minnotte,Home Office,United States,Virginia,Virginia Beach,23464,South
AO-10810,Anthony O'Donnell,Corporate,United States,California,Los Angeles,90045,West
MH-17440,Mark Haberlin,Corporate,United States,New York,New York City,10035,East
SS-20515,Shirley Schmidt,Home Office,United States,Kentucky,Louisville,40214,South
LD-16855,Lela Donovan,,United States,,,60653,Central
VP-21760,Victoria Pisteka,Corporate,United States,California,San Francisco,94109,West
TC-21145,Theresa Coyne,Corporate,United States,New Jersey,Lakewood,8701,East
IM-15055,Ionia McGrath,Consumer,United States,California,Roseville,95661,West
AR-10570,Anemone Ratner,Consumer,United States,Georgia,Columbus,31907,South
CM-12715,Craig Molinari,Corporate,United States,Texas,Huntsville,77340,Central
FW-14395,Fred Wasserman,,United States,,,35810,South
LC-16960,Lindsay Castell,Home Office,United States,Virginia,Arlington,22204,South
HE-14800,Harold Engle,Corporate,United States,Illinois,Chicago,60623,Central
BD-11560,Brendan Dodson,Home Office,United States,California,Fresno,93727,West
HD-14785,Harold Dahlen,Home Office,United States,Pennsylvania,Philadelphia,19143,East
CJ-11875,Carl Jackson,Corporate,United States,Pennsylvania,Philadelphia,19140,East
RS-19870,Roy Skaria,Home Office,United States,Iowa,Burlington,52601,Central
SC-20845,Sung Chung,Consumer,United States,Illinois,Arlington Heights,60004,Central
RE-19405,Ricardo Emerson,Consumer,United States,Ohio,Kent,44240,East
SM-20905,Susan MacKendrick,Consumer,United States,Ohio,Newark,43055,East
